{
	"start":	{
		"connected":	[{
				"socket":	7,
				"local_host":	"10.0.0.1",
				"local_port":	55968,
				"remote_host":	"10.0.1.1",
				"remote_port":	5201
			}],
		"version":	"iperf 3.9",
		"system_info":	"Linux ubuntu-vm 6.4.0+ #1 SMP PREEMPT_DYNAMIC Tue Aug  1 17:56:42 EDT 2023 x86_64",
		"timestamp":	{
			"time":	"Tue, 08 Aug 2023 19:46:12 GMT",
			"timesecs":	1691523972
		},
		"connecting_to":	{
			"host":	"10.0.1.1",
			"port":	5201
		},
		"cookie":	"z5o3agjrwz45zycapizyogl7zwp6wqpdhtoo",
		"tcp_mss_default":	1448,
		"sock_bufsize":	0,
		"sndbuf_actual":	1000000,
		"rcvbuf_actual":	1000000,
		"test_start":	{
			"protocol":	"TCP",
			"num_streams":	1,
			"blksize":	131072,
			"omit":	0,
			"duration":	60,
			"bytes":	0,
			"blocks":	0,
			"reverse":	0,
			"tos":	0
		}
	},
	"intervals":	[{
			"streams":	[{
					"socket":	7,
					"start":	0,
					"end":	1.0001,
					"seconds":	1.0001000165939331,
					"bytes":	125741680,
					"bits_per_second":	1005832840.0252746,
					"retransmits":	135,
					"snd_cwnd":	1167088,
					"rtt":	9264,
					"rttvar":	3,
					"pmtu":	1500,
					"omitted":	false,
					"sender":	true
				}],
			"sum":	{
				"start":	0,
				"end":	1.0001,
				"seconds":	1.0001000165939331,
				"bytes":	125741680,
				"bits_per_second":	1005832840.0252746,
				"retransmits":	135,
				"omitted":	false,
				"sender":	true
			}
		}, {
			"streams":	[{
					"socket":	7,
					"start":	1.0001,
					"end":	2.000123,
					"seconds":	1.0000230073928833,
					"bytes":	119275520,
					"bits_per_second":	954182206.755087,
					"retransmits":	0,
					"snd_cwnd":	1274240,
					"rtt":	10358,
					"rttvar":	8,
					"pmtu":	1500,
					"omitted":	false,
					"sender":	true
				}],
			"sum":	{
				"start":	1.0001,
				"end":	2.000123,
				"seconds":	1.0000230073928833,
				"bytes":	119275520,
				"bits_per_second":	954182206.755087,
				"retransmits":	0,
				"omitted":	false,
				"sender":	true
			}
		}, {
			"streams":	[{
					"socket":	7,
					"start":	2.000123,
					"end":	3.000091,
					"seconds":	0.99996799230575562,
					"bytes":	120586240,
					"bits_per_second":	964720798.4883492,
					"retransmits":	0,
					"snd_cwnd":	1355328,
					"rtt":	10903,
					"rttvar":	4,
					"pmtu":	1500,
					"omitted":	false,
					"sender":	true
				}],
			"sum":	{
				"start":	2.000123,
				"end":	3.000091,
				"seconds":	0.99996799230575562,
				"bytes":	120586240,
				"bits_per_second":	964720798.4883492,
				"retransmits":	0,
				"omitted":	false,
				"sender":	true
			}
		}, {
			"streams":	[{
					"socket":	7,
					"start":	3.000091,
					"end":	4.000095,
					"seconds":	1.0000040531158447,
					"bytes":	119275520,
					"bits_per_second":	954200292.51567531,
					"retransmits":	45,
					"snd_cwnd":	1030976,
					"rtt":	8182,
					"rttvar":	28,
					"pmtu":	1500,
					"omitted":	false,
					"sender":	true
				}],
			"sum":	{
				"start":	3.000091,
				"end":	4.000095,
				"seconds":	1.0000040531158447,
				"bytes":	119275520,
				"bits_per_second":	954200292.51567531,
				"retransmits":	45,
				"omitted":	false,
				"sender":	true
			}
		}, {
			"streams":	[{
					"socket":	7,
					"start":	4.000095,
					"end":	5.000083,
					"seconds":	0.9999880194664,
					"bytes":	119275520,
					"bits_per_second":	954215592.01196158,
					"retransmits":	0,
					"snd_cwnd":	1114960,
					"rtt":	9263,
					"rttvar":	4,
					"pmtu":	1500,
					"omitted":	false,
					"sender":	true
				}],
			"sum":	{
				"start":	4.000095,
				"end":	5.000083,
				"seconds":	0.9999880194664,
				"bytes":	119275520,
				"bits_per_second":	954215592.01196158,
				"retransmits":	0,
				"omitted":	false,
				"sender":	true
			}
		}, {
			"streams":	[{
					"socket":	7,
					"start":	5.000083,
					"end":	6.000106,
					"seconds":	1.0000230073928833,
					"bytes":	119275520,
					"bits_per_second":	954182206.755087,
					"retransmits":	45,
					"snd_cwnd":	863008,
					"rtt":	7081,
					"rttvar":	15,
					"pmtu":	1500,
					"omitted":	false,
					"sender":	true
				}],
			"sum":	{
				"start":	5.000083,
				"end":	6.000106,
				"seconds":	1.0000230073928833,
				"bytes":	119275520,
				"bits_per_second":	954182206.755087,
				"retransmits":	45,
				"omitted":	false,
				"sender":	true
			}
		}, {
			"streams":	[{
					"socket":	7,
					"start":	6.000106,
					"end":	7.000098,
					"seconds":	0.9999920129776,
					"bytes":	120586240,
					"bits_per_second":	964697625.06154048,
					"retransmits":	0,
					"snd_cwnd":	965816,
					"rtt":	7631,
					"rttvar":	12,
					"pmtu":	1500,
					"omitted":	false,
					"sender":	true
				}],
			"sum":	{
				"start":	6.000106,
				"end":	7.000098,
				"seconds":	0.9999920129776,
				"bytes":	120586240,
				"bits_per_second":	964697625.06154048,
				"retransmits":	0,
				"omitted":	false,
				"sender":	true
			}
		}, {
			"streams":	[{
					"socket":	7,
					"start":	7.000098,
					"end":	8.000095,
					"seconds":	0.99999701976776123,
					"bytes":	119275520,
					"bits_per_second":	954207003.758475,
					"retransmits":	0,
					"snd_cwnd":	1055592,
					"rtt":	8714,
					"rttvar":	8,
					"pmtu":	1500,
					"omitted":	false,
					"sender":	true
				}],
			"sum":	{
				"start":	7.000098,
				"end":	8.000095,
				"seconds":	0.99999701976776123,
				"bytes":	119275520,
				"bits_per_second":	954207003.758475,
				"retransmits":	0,
				"omitted":	false,
				"sender":	true
			}
		}, {
			"streams":	[{
					"socket":	7,
					"start":	8.000095,
					"end":	9.000094,
					"seconds":	0.99999898672103882,
					"bytes":	119275520,
					"bits_per_second":	954205126.87597966,
					"retransmits":	0,
					"snd_cwnd":	1141024,
					"rtt":	9263,
					"rttvar":	3,
					"pmtu":	1500,
					"omitted":	false,
					"sender":	true
				}],
			"sum":	{
				"start":	8.000095,
				"end":	9.000094,
				"seconds":	0.99999898672103882,
				"bytes":	119275520,
				"bits_per_second":	954205126.87597966,
				"retransmits":	0,
				"omitted":	false,
				"sender":	true
			}
		}, {
			"streams":	[{
					"socket":	7,
					"start":	9.000094,
					"end":	10.000101,
					"seconds":	1.0000070333480835,
					"bytes":	119275520,
					"bits_per_second":	954197448.79720223,
					"retransmits":	0,
					"snd_cwnd":	1217768,
					"rtt":	9823,
					"rttvar":	12,
					"pmtu":	1500,
					"omitted":	false,
					"sender":	true
				}],
			"sum":	{
				"start":	9.000094,
				"end":	10.000101,
				"seconds":	1.0000070333480835,
				"bytes":	119275520,
				"bits_per_second":	954197448.79720223,
				"retransmits":	0,
				"omitted":	false,
				"sender":	true
			}
		}, {
			"streams":	[{
					"socket":	7,
					"start":	10.000101,
					"end":	11.000104,
					"seconds":	1.0000029802322388,
					"bytes":	119275520,
					"bits_per_second":	954201316.258475,
					"retransmits":	0,
					"snd_cwnd":	1293064,
					"rtt":	10381,
					"rttvar":	11,
					"pmtu":	1500,
					"omitted":	false,
					"sender":	true
				}],
			"sum":	{
				"start":	10.000101,
				"end":	11.000104,
				"seconds":	1.0000029802322388,
				"bytes":	119275520,
				"bits_per_second":	954201316.258475,
				"retransmits":	0,
				"omitted":	false,
				"sender":	true
			}
		}, {
			"streams":	[{
					"socket":	7,
					"start":	11.000104,
					"end":	12.000099,
					"seconds":	0.999994993209839,
					"bytes":	120586240,
					"bits_per_second":	964694750.024183,
					"retransmits":	0,
					"snd_cwnd":	1362568,
					"rtt":	10895,
					"rttvar":	2,
					"pmtu":	1500,
					"omitted":	false,
					"sender":	true
				}],
			"sum":	{
				"start":	11.000104,
				"end":	12.000099,
				"seconds":	0.999994993209839,
				"bytes":	120586240,
				"bits_per_second":	964694750.024183,
				"retransmits":	0,
				"omitted":	false,
				"sender":	true
			}
		}, {
			"streams":	[{
					"socket":	7,
					"start":	12.000099,
					"end":	13.000094,
					"seconds":	0.999994993209839,
					"bytes":	119275520,
					"bits_per_second":	954208937.52392,
					"retransmits":	90,
					"snd_cwnd":	1067176,
					"rtt":	8715,
					"rttvar":	13,
					"pmtu":	1500,
					"omitted":	false,